{"cameraMode":{"drawMode":0,"name":"Shaded","section":"Shading Mode"},"sceneLighting":true,"audioPlay":false,"sceneViewState":{"m_AlwaysRefresh":false,"showFog":true,"showSkybox":true,"showFlares":true,"showImageEffects":true,"showParticleSystems":true,"showVisualEffectGraphs":true,"m_FxEnabled":true},"in2DMode":false,"pivot":{"x":3.9812254905700685,"y":-0.8558962941169739,"z":27.095094680786134},"rotation":{"x":0.20287522673606873,"y":-0.015004340559244156,"z":0.0031031034886837007,"w":0.9791197776794434},"size":12.12435531616211,"orthographic":false}